id,question,rule,source_url,horizon_days,method,outcome,ambiguous,notes
Q01,Will nodejs/node publish a non-prerelease GitHub Release between 2026-08-06 and 2026-08-20 UTC?,GitHub Releases only: draft=false and prerelease=false; published_at >= 2026-08-06T00:00:00+00:00 and < 2026-08-20T00:00:00+00:00; at least one record. Tags and vendor announcements alone do not count.,https://api.github.com/repos/nodejs/node/releases?per_page=100,14,auto,0,no,"{""pages"": 1, ""matches"": []}"
Q02,Will nodejs/node publish a non-prerelease GitHub Release between 2026-08-20 and 2026-09-03 UTC?,GitHub Releases only: draft=false and prerelease=false; published_at >= 2026-08-20T00:00:00+00:00 and < 2026-09-03T00:00:00+00:00; at least one record. Tags and vendor announcements alone do not count.,https://api.github.com/repos/nodejs/node/releases?per_page=100,14,auto,1,no,"{""pages"": 1, ""matches"": [""v26.8.1"", ""v26.8.0"", ""v24.20.0""]}"
Q03,Will nodejs/node publish a non-prerelease GitHub Release between 2026-09-03 and 2026-09-17 UTC?,GitHub Releases only: draft=false and prerelease=false; published_at >= 2026-09-03T00:00:00+00:00 and < 2026-09-17T00:00:00+00:00; at least one record. Tags and vendor announcements alone do not count.,https://api.github.com/repos/nodejs/node/releases?per_page=100,14,auto,1,no,"{""pages"": 1, ""matches"": [""v26.9.0"", ""v26.8.2"", ""v24.21.0""]}"
Q04,Will nodejs/node publish a non-prerelease GitHub Release between 2026-09-17 and 2026-10-01 UTC?,GitHub Releases only: draft=false and prerelease=false; published_at >= 2026-09-17T00:00:00+00:00 and < 2026-10-01T00:00:00+00:00; at least one record. Tags and vendor announcements alone do not count.,https://api.github.com/repos/nodejs/node/releases?per_page=100,14,auto,1,no,"{""pages"": 1, ""matches"": [""v22.23.3"", ""v26.10.0""]}"
Q05,Will microsoft/TypeScript publish a non-prerelease GitHub Release between 2026-08-06 and 2026-08-20 UTC?,GitHub Releases only: draft=false and prerelease=false; published_at >= 2026-08-06T00:00:00+00:00 and < 2026-08-20T00:00:00+00:00; at least one record. Tags and vendor announcements alone do not count.,https://api.github.com/repos/microsoft/TypeScript/releases?per_page=100,14,auto,0,no,"{""pages"": 1, ""matches"": []}"
Q06,Will microsoft/TypeScript publish a non-prerelease GitHub Release between 2026-08-20 and 2026-09-03 UTC?,GitHub Releases only: draft=false and prerelease=false; published_at >= 2026-08-20T00:00:00+00:00 and < 2026-09-03T00:00:00+00:00; at least one record. Tags and vendor announcements alone do not count.,https://api.github.com/repos/microsoft/TypeScript/releases?per_page=100,14,auto,1,no,"{""pages"": 1, ""matches"": [""v7.0.2""]}"
Q07,Will microsoft/TypeScript publish a non-prerelease GitHub Release between 2026-09-03 and 2026-09-17 UTC?,GitHub Releases only: draft=false and prerelease=false; published_at >= 2026-09-03T00:00:00+00:00 and < 2026-09-17T00:00:00+00:00; at least one record. Tags and vendor announcements alone do not count.,https://api.github.com/repos/microsoft/TypeScript/releases?per_page=100,14,auto,0,no,"{""pages"": 1, ""matches"": []}"
Q08,Will microsoft/TypeScript publish a non-prerelease GitHub Release between 2026-09-17 and 2026-10-01 UTC?,GitHub Releases only: draft=false and prerelease=false; published_at >= 2026-09-17T00:00:00+00:00 and < 2026-10-01T00:00:00+00:00; at least one record. Tags and vendor announcements alone do not count.,https://api.github.com/repos/microsoft/TypeScript/releases?per_page=100,14,auto,1,no,"{""pages"": 1, ""matches"": [""vscode-typescript/v1.0.1""]}"
Q09,Will golang/go have a stable release dated between 2026-08-06 and 2026-08-20 in its official release history?,"Official source only; displayed release date >= 2026-08-06 and < 2026-08-20; stable numeric versions only, alpha/beta/RC excluded; source calendar dates govern, not an inferred UTC publication instant.",https://go.dev/doc/devel/release,14,manual,1,no,"{""pages"": 0, ""matches"": [""1.27.0"", ""1.26.6"", ""1.26.7"", ""1.25.13"", ""1.25.14""], ""reviewed_at"": ""2026-10-01"", ""github_releases_empty"": true}"
Q10,Will golang/go have a stable release dated between 2026-08-20 and 2026-09-03 in its official release history?,"Official source only; displayed release date >= 2026-08-20 and < 2026-09-03; stable numeric versions only, alpha/beta/RC excluded; source calendar dates govern, not an inferred UTC publication instant.",https://go.dev/doc/devel/release,14,manual,1,no,"{""pages"": 0, ""matches"": [""1.27.1"", ""1.26.8""], ""reviewed_at"": ""2026-10-01"", ""github_releases_empty"": true}"
Q11,Will golang/go have a stable release dated between 2026-09-03 and 2026-09-17 in its official release history?,"Official source only; displayed release date >= 2026-09-03 and < 2026-09-17; stable numeric versions only, alpha/beta/RC excluded; source calendar dates govern, not an inferred UTC publication instant.",https://go.dev/doc/devel/release,14,manual,0,no,"{""pages"": 0, ""matches"": [], ""reviewed_at"": ""2026-10-01"", ""github_releases_empty"": true}"
Q12,Will golang/go have a stable release dated between 2026-09-17 and 2026-10-01 in its official release history?,"Official source only; displayed release date >= 2026-09-17 and < 2026-10-01; stable numeric versions only, alpha/beta/RC excluded; source calendar dates govern, not an inferred UTC publication instant.",https://go.dev/doc/devel/release,14,manual,0,no,"{""pages"": 0, ""matches"": [], ""reviewed_at"": ""2026-10-01"", ""github_releases_empty"": true}"
Q13,Will rust-lang/rust publish a non-prerelease GitHub Release between 2026-08-06 and 2026-08-20 UTC?,GitHub Releases only: draft=false and prerelease=false; published_at >= 2026-08-06T00:00:00+00:00 and < 2026-08-20T00:00:00+00:00; at least one record. Tags and vendor announcements alone do not count.,https://api.github.com/repos/rust-lang/rust/releases?per_page=100,14,auto,0,no,"{""pages"": 1, ""matches"": []}"
Q14,Will rust-lang/rust publish a non-prerelease GitHub Release between 2026-08-20 and 2026-09-03 UTC?,GitHub Releases only: draft=false and prerelease=false; published_at >= 2026-08-20T00:00:00+00:00 and < 2026-09-03T00:00:00+00:00; at least one record. Tags and vendor announcements alone do not count.,https://api.github.com/repos/rust-lang/rust/releases?per_page=100,14,auto,1,no,"{""pages"": 1, ""matches"": [""1.98.0""]}"
Q15,Will rust-lang/rust publish a non-prerelease GitHub Release between 2026-09-03 and 2026-09-17 UTC?,GitHub Releases only: draft=false and prerelease=false; published_at >= 2026-09-03T00:00:00+00:00 and < 2026-09-17T00:00:00+00:00; at least one record. Tags and vendor announcements alone do not count.,https://api.github.com/repos/rust-lang/rust/releases?per_page=100,14,auto,1,no,"{""pages"": 1, ""matches"": [""1.98.1""]}"
Q16,Will rust-lang/rust publish a non-prerelease GitHub Release between 2026-09-17 and 2026-10-01 UTC?,GitHub Releases only: draft=false and prerelease=false; published_at >= 2026-09-17T00:00:00+00:00 and < 2026-10-01T00:00:00+00:00; at least one record. Tags and vendor announcements alone do not count.,https://api.github.com/repos/rust-lang/rust/releases?per_page=100,14,auto,0,no,"{""pages"": 1, ""matches"": []}"
Q17,Will python/cpython have a stable release dated between 2026-08-06 and 2026-08-20 in its official release history?,"Official source only; displayed release date >= 2026-08-06 and < 2026-08-20; stable numeric versions only, alpha/beta/RC excluded; source calendar dates govern, not an inferred UTC publication instant.",https://www.python.org/downloads/,14,manual,1,no,"{""pages"": 0, ""matches"": [""3.12.14"", ""3.11.16""], ""reviewed_at"": ""2026-10-01"", ""github_releases_empty"": true}"
Q18,Will python/cpython have a stable release dated between 2026-08-20 and 2026-09-03 in its official release history?,"Official source only; displayed release date >= 2026-08-20 and < 2026-09-03; stable numeric versions only, alpha/beta/RC excluded; source calendar dates govern, not an inferred UTC publication instant.",https://www.python.org/downloads/,14,manual,0,no,"{""pages"": 0, ""matches"": [], ""reviewed_at"": ""2026-10-01"", ""github_releases_empty"": true}"
Q19,Will python/cpython have a stable release dated between 2026-09-03 and 2026-09-17 in its official release history?,"Official source only; displayed release date >= 2026-09-03 and < 2026-09-17; stable numeric versions only, alpha/beta/RC excluded; source calendar dates govern, not an inferred UTC publication instant.",https://www.python.org/downloads/,14,manual,0,no,"{""pages"": 0, ""matches"": [], ""reviewed_at"": ""2026-10-01"", ""github_releases_empty"": true}"
Q20,Will python/cpython have a stable release dated between 2026-09-17 and 2026-10-01 in its official release history?,"Official source only; displayed release date >= 2026-09-17 and < 2026-10-01; stable numeric versions only, alpha/beta/RC excluded; source calendar dates govern, not an inferred UTC publication instant.",https://www.python.org/downloads/,14,manual,1,no,"{""pages"": 0, ""matches"": [""3.14.8"", ""3.13.16"", ""3.12.15""], ""reviewed_at"": ""2026-10-01"", ""github_releases_empty"": true}"
Q21,Will denoland/deno publish a non-prerelease GitHub Release between 2026-08-06 and 2026-08-20 UTC?,GitHub Releases only: draft=false and prerelease=false; published_at >= 2026-08-06T00:00:00+00:00 and < 2026-08-20T00:00:00+00:00; at least one record. Tags and vendor announcements alone do not count.,https://api.github.com/repos/denoland/deno/releases?per_page=100,14,auto,1,no,"{""pages"": 1, ""matches"": [""v2.9.5""]}"
Q22,Will denoland/deno publish a non-prerelease GitHub Release between 2026-08-20 and 2026-09-03 UTC?,GitHub Releases only: draft=false and prerelease=false; published_at >= 2026-08-20T00:00:00+00:00 and < 2026-09-03T00:00:00+00:00; at least one record. Tags and vendor announcements alone do not count.,https://api.github.com/repos/denoland/deno/releases?per_page=100,14,auto,1,no,"{""pages"": 1, ""matches"": [""v2.9.6""]}"
Q23,Will denoland/deno publish a non-prerelease GitHub Release between 2026-09-03 and 2026-09-17 UTC?,GitHub Releases only: draft=false and prerelease=false; published_at >= 2026-09-03T00:00:00+00:00 and < 2026-09-17T00:00:00+00:00; at least one record. Tags and vendor announcements alone do not count.,https://api.github.com/repos/denoland/deno/releases?per_page=100,14,auto,0,no,"{""pages"": 1, ""matches"": []}"
Q24,Will denoland/deno publish a non-prerelease GitHub Release between 2026-09-17 and 2026-10-01 UTC?,GitHub Releases only: draft=false and prerelease=false; published_at >= 2026-09-17T00:00:00+00:00 and < 2026-10-01T00:00:00+00:00; at least one record. Tags and vendor announcements alone do not count.,https://api.github.com/repos/denoland/deno/releases?per_page=100,14,auto,1,no,"{""pages"": 1, ""matches"": [""v2.9.7""]}"
Q25,Will oven-sh/bun publish a non-prerelease GitHub Release between 2026-08-06 and 2026-08-20 UTC?,GitHub Releases only: draft=false and prerelease=false; published_at >= 2026-08-06T00:00:00+00:00 and < 2026-08-20T00:00:00+00:00; at least one record. Tags and vendor announcements alone do not count.,https://api.github.com/repos/oven-sh/bun/releases?per_page=100,14,auto,0,no,"{""pages"": 1, ""matches"": []}"
Q26,Will oven-sh/bun publish a non-prerelease GitHub Release between 2026-08-20 and 2026-09-03 UTC?,GitHub Releases only: draft=false and prerelease=false; published_at >= 2026-08-20T00:00:00+00:00 and < 2026-09-03T00:00:00+00:00; at least one record. Tags and vendor announcements alone do not count.,https://api.github.com/repos/oven-sh/bun/releases?per_page=100,14,auto,1,no,"{""pages"": 1, ""matches"": [""bun-v1.4.0""]}"
Q27,Will oven-sh/bun publish a non-prerelease GitHub Release between 2026-09-03 and 2026-09-17 UTC?,GitHub Releases only: draft=false and prerelease=false; published_at >= 2026-09-03T00:00:00+00:00 and < 2026-09-17T00:00:00+00:00; at least one record. Tags and vendor announcements alone do not count.,https://api.github.com/repos/oven-sh/bun/releases?per_page=100,14,auto,1,no,"{""pages"": 1, ""matches"": [""bun-v1.4.2"", ""bun-v1.4.1""]}"
Q28,Will oven-sh/bun publish a non-prerelease GitHub Release between 2026-09-17 and 2026-10-01 UTC?,GitHub Releases only: draft=false and prerelease=false; published_at >= 2026-09-17T00:00:00+00:00 and < 2026-10-01T00:00:00+00:00; at least one record. Tags and vendor announcements alone do not count.,https://api.github.com/repos/oven-sh/bun/releases?per_page=100,14,auto,0,no,"{""pages"": 1, ""matches"": []}"
Q29,Will astral-sh/uv publish a non-prerelease GitHub Release between 2026-08-06 and 2026-08-20 UTC?,GitHub Releases only: draft=false and prerelease=false; published_at >= 2026-08-06T00:00:00+00:00 and < 2026-08-20T00:00:00+00:00; at least one record. Tags and vendor announcements alone do not count.,https://api.github.com/repos/astral-sh/uv/releases?per_page=100,14,auto,1,no,"{""pages"": 1, ""matches"": [""0.12.5"", ""0.12.4"", ""0.12.3""]}"
Q30,Will astral-sh/uv publish a non-prerelease GitHub Release between 2026-08-20 and 2026-09-03 UTC?,GitHub Releases only: draft=false and prerelease=false; published_at >= 2026-08-20T00:00:00+00:00 and < 2026-09-03T00:00:00+00:00; at least one record. Tags and vendor announcements alone do not count.,https://api.github.com/repos/astral-sh/uv/releases?per_page=100,14,auto,1,no,"{""pages"": 1, ""matches"": [""0.12.9"", ""0.12.8"", ""0.12.7"", ""0.12.6""]}"
Q31,Will astral-sh/uv publish a non-prerelease GitHub Release between 2026-09-03 and 2026-09-17 UTC?,GitHub Releases only: draft=false and prerelease=false; published_at >= 2026-09-03T00:00:00+00:00 and < 2026-09-17T00:00:00+00:00; at least one record. Tags and vendor announcements alone do not count.,https://api.github.com/repos/astral-sh/uv/releases?per_page=100,14,auto,1,no,"{""pages"": 1, ""matches"": [""0.12.15"", ""0.12.14"", ""0.12.13"", ""0.12.12"", ""0.12.11"", ""0.12.10""]}"
Q32,Will astral-sh/uv publish a non-prerelease GitHub Release between 2026-09-17 and 2026-10-01 UTC?,GitHub Releases only: draft=false and prerelease=false; published_at >= 2026-09-17T00:00:00+00:00 and < 2026-10-01T00:00:00+00:00; at least one record. Tags and vendor announcements alone do not count.,https://api.github.com/repos/astral-sh/uv/releases?per_page=100,14,auto,1,no,"{""pages"": 1, ""matches"": [""0.12.21"", ""0.12.20"", ""0.12.19"", ""0.12.18"", ""0.12.17"", ""0.12.16""]}"
Q33,Will cli/cli publish a non-prerelease GitHub Release between 2026-08-06 and 2026-08-20 UTC?,GitHub Releases only: draft=false and prerelease=false; published_at >= 2026-08-06T00:00:00+00:00 and < 2026-08-20T00:00:00+00:00; at least one record. Tags and vendor announcements alone do not count.,https://api.github.com/repos/cli/cli/releases?per_page=100,14,auto,0,no,"{""pages"": 1, ""matches"": []}"
Q34,Will cli/cli publish a non-prerelease GitHub Release between 2026-08-20 and 2026-09-03 UTC?,GitHub Releases only: draft=false and prerelease=false; published_at >= 2026-08-20T00:00:00+00:00 and < 2026-09-03T00:00:00+00:00; at least one record. Tags and vendor announcements alone do not count.,https://api.github.com/repos/cli/cli/releases?per_page=100,14,auto,1,no,"{""pages"": 1, ""matches"": [""v2.99.0"", ""v2.98.0""]}"
Q35,Will cli/cli publish a non-prerelease GitHub Release between 2026-09-03 and 2026-09-17 UTC?,GitHub Releases only: draft=false and prerelease=false; published_at >= 2026-09-03T00:00:00+00:00 and < 2026-09-17T00:00:00+00:00; at least one record. Tags and vendor announcements alone do not count.,https://api.github.com/repos/cli/cli/releases?per_page=100,14,auto,1,no,"{""pages"": 1, ""matches"": [""v2.101.0"", ""v2.100.0""]}"
Q36,Will cli/cli publish a non-prerelease GitHub Release between 2026-09-17 and 2026-10-01 UTC?,GitHub Releases only: draft=false and prerelease=false; published_at >= 2026-09-17T00:00:00+00:00 and < 2026-10-01T00:00:00+00:00; at least one record. Tags and vendor announcements alone do not count.,https://api.github.com/repos/cli/cli/releases?per_page=100,14,auto,1,no,"{""pages"": 1, ""matches"": [""v2.102.0""]}"
Q37,Will fastapi/fastapi publish a non-prerelease GitHub Release between 2026-08-06 and 2026-08-20 UTC?,GitHub Releases only: draft=false and prerelease=false; published_at >= 2026-08-06T00:00:00+00:00 and < 2026-08-20T00:00:00+00:00; at least one record. Tags and vendor announcements alone do not count.,https://api.github.com/repos/fastapi/fastapi/releases?per_page=100,14,auto,0,no,"{""pages"": 1, ""matches"": []}"
Q38,Will fastapi/fastapi publish a non-prerelease GitHub Release between 2026-08-20 and 2026-09-03 UTC?,GitHub Releases only: draft=false and prerelease=false; published_at >= 2026-08-20T00:00:00+00:00 and < 2026-09-03T00:00:00+00:00; at least one record. Tags and vendor announcements alone do not count.,https://api.github.com/repos/fastapi/fastapi/releases?per_page=100,14,auto,0,no,"{""pages"": 1, ""matches"": []}"
Q39,Will fastapi/fastapi publish a non-prerelease GitHub Release between 2026-09-03 and 2026-09-17 UTC?,GitHub Releases only: draft=false and prerelease=false; published_at >= 2026-09-03T00:00:00+00:00 and < 2026-09-17T00:00:00+00:00; at least one record. Tags and vendor announcements alone do not count.,https://api.github.com/repos/fastapi/fastapi/releases?per_page=100,14,auto,0,no,"{""pages"": 1, ""matches"": []}"
Q40,Will fastapi/fastapi publish a non-prerelease GitHub Release between 2026-09-17 and 2026-10-01 UTC?,GitHub Releases only: draft=false and prerelease=false; published_at >= 2026-09-17T00:00:00+00:00 and < 2026-10-01T00:00:00+00:00; at least one record. Tags and vendor announcements alone do not count.,https://api.github.com/repos/fastapi/fastapi/releases?per_page=100,14,auto,1,no,"{""pages"": 1, ""matches"": [""0.142.2"", ""0.142.1"", ""0.142.0""]}"
